Sample_ID,site,habitat,position,number,latitude,longitude,elevation,pH
Plant_A01_1,Arayu-Jigoku,Solfatara field,1,1,38.818046,140.726562,607,3.48
Plant_A01_2,Arayu-Jigoku,Solfatara field,1,2,38.818046,140.726562,607,3.48
Plant_A01_3,Arayu-Jigoku,Solfatara field,1,3,38.818046,140.726562,607,3.48
Plant_A02_1,Arayu-Jigoku,Solfatara field,2,1,38.818101,140.726547,607,3.66
Plant_A03_1,Arayu-Jigoku,Solfatara field,3,1,38.818301,140.726886,607,3.78
Plant_A03_2,Arayu-Jigoku,Solfatara field,3,2,38.818301,140.726886,607,3.78
Plant_A03_3,Arayu-Jigoku,Solfatara field,3,3,38.818301,140.726886,607,3.78
Plant_A04_1,Arayu-Jigoku,Solfatara field,4,1,38.818288,140.726962,607,3.66
Plant_A05_1,Arayu-Jigoku,Solfatara field,5,1,38.818242,140.726982,607,3.76
Plant_A05_2,Arayu-Jigoku,Solfatara field,5,2,38.818242,140.726982,607,3.76
Plant_A06_1,Arayu-Jigoku,Solfatara field,6,1,38.81828,140.727018,607,3.9
Plant_A06_2,Arayu-Jigoku,Solfatara field,6,2,38.81828,140.727018,607,3.9
Plant_A07_1,Arayu-Jigoku,Solfatara field,7,1,38.818289,140.727058,607,3.75
Plant_A07_2,Arayu-Jigoku,Solfatara field,7,2,38.818289,140.727058,607,3.75
Plant_A07_3,Arayu-Jigoku,Solfatara field,7,3,38.818289,140.727058,607,3.75
Plant_A08_1,Arayu-Jigoku,Solfatara field,8,1,38.818305,140.727058,608,3.76
Plant_A08_2,Arayu-Jigoku,Solfatara field,8,2,38.818305,140.727058,608,3.76
Plant_A09_1,Arayu-Jigoku,Solfatara field,9,1,38.818349,140.727259,605,3.77
Plant_A09_2,Arayu-Jigoku,Solfatara field,9,2,38.818349,140.727259,605,3.77
Plant_A10_1,Arayu-Jigoku,Solfatara field,10,1,38.818384,140.727427,605,4.08
Plant_A11_1,Arayu-Jigoku,Solfatara field,11,1,38.818342,140.727532,605,3.96
Plant_A11_2,Arayu-Jigoku,Solfatara field,11,2,38.818342,140.727532,605,3.96
Plant_A11_3,Arayu-Jigoku,Solfatara field,11,3,38.818342,140.727532,605,3.96
Plant_A12_1,Arayu-Jigoku,Solfatara field,12,1,38.818415,140.727614,606,3.99
Plant_A12_2,Arayu-Jigoku,Solfatara field,12,2,38.818415,140.727614,606,3.99
Plant_A13_1,Arayu-Jigoku,Solfatara field,13,1,38.818402,140.727616,606,3.52
Plant_A14_1,Arayu-Jigoku,Solfatara field,14,1,38.818371,140.727672,606,3.59
Plant_A14_2,Arayu-Jigoku,Solfatara field,14,2,38.818371,140.727672,606,3.59
Plant_A14_3,Arayu-Jigoku,Solfatara field,14,3,38.818371,140.727672,606,3.59
Plant_A15_1,Arayu-Jigoku,Solfatara field,15,1,38.818402,140.727835,604,3.28
Plant_A15_2,Arayu-Jigoku,Solfatara field,15,2,38.818402,140.727835,604,3.28
Plant_A16_1,Arayu-Jigoku,Solfatara field,16,1,38.818408,140.728144,604,3.12
Plant_A17_1,Arayu-Jigoku,Solfatara field,17,1,38.81858,140.728243,602,3.31
Plant_A18_1,Arayu-Jigoku,Solfatara field,18,1,38.818504,140.72827,603,3.51
Plant_A19_1,Arayu-Jigoku,Solfatara field,19,1,38.838497,140.728337,603,3.42
Plant_A19_2,Arayu-Jigoku,Solfatara field,19,2,38.838497,140.728337,603,3.42
Plant_A19_3,Arayu-Jigoku,Solfatara field,19,3,38.838497,140.728337,603,3.42
Plant_A20_1,Arayu-Jigoku,Solfatara field,20,1,38.81849,140.728386,602,3.12
Plant_A21_1,Arayu-Jigoku,Solfatara field,21,1,38.818533,140.728424,602,3.11
Plant_A22_1,Arayu-Jigoku,Solfatara field,22,1,38.818567,140.728443,599,3.21
Plant_A22_2,Arayu-Jigoku,Solfatara field,22,2,38.818567,140.728443,599,3.21
Plant_A23_1,Arayu-Jigoku,Solfatara field,23,1,38.81869,140.728524,598,3.03
Plant_A24_1,Arayu-Jigoku,Solfatara field,24,1,38.818658,140.728505,599,2.97
Plant_A24_2,Arayu-Jigoku,Solfatara field,24,2,38.818658,140.728505,599,2.97
Plant_A25_1,Arayu-Jigoku,Solfatara field,25,1,38.818761,140.728444,599,2.9
Plant_A25_2,Arayu-Jigoku,Solfatara field,25,2,38.818761,140.728444,599,2.9
Plant_A26_1,Arayu-Jigoku,Solfatara field,26,1,38.818758,140.728511,599,3.24
Plant_A27_1,Arayu-Jigoku,Solfatara field,27,1,38.818709,140.728555,598,2.79
Plant_A27_2,Arayu-Jigoku,Solfatara field,27,2,38.818709,140.728555,598,2.79
Plant_A27_3,Arayu-Jigoku,Solfatara field,27,3,38.818709,140.728555,598,2.79
Plant_A28_1,Arayu-Jigoku,Solfatara field,28,1,38.818769,140.728646,596,2.43
Plant_A28_2,Arayu-Jigoku,Solfatara field,28,2,38.818769,140.728646,596,2.43
Plant_A28_3,Arayu-Jigoku,Solfatara field,28,3,38.818769,140.728646,596,2.43
Plant_A28_4,Arayu-Jigoku,Solfatara field,28,4,38.818769,140.728646,596,2.43
Plant_A29_1,Arayu-Jigoku,Solfatara field,29,1,38.818733,140.728679,596,3.12
Plant_A29_2,Arayu-Jigoku,Solfatara field,29,2,38.818733,140.728679,596,3.12
Plant_A30_1,Arayu-Jigoku,Solfatara field,30,1,38.818769,140.728697,595,3.18
Plant_A30_2,Arayu-Jigoku,Solfatara field,30,2,38.818769,140.728697,595,3.18
Plant_A30_3,Arayu-Jigoku,Solfatara field,30,3,38.818769,140.728697,595,3.18
Plant_A31_1,Arayu-Jigoku,Solfatara field,31,1,38.818798,140.7287,595,2.93
Plant_A31_2,Arayu-Jigoku,Solfatara field,31,2,38.818798,140.7287,595,2.93
Plant_A31_3,Arayu-Jigoku,Solfatara field,31,3,38.818798,140.7287,595,2.93
Plant_A32_1,Arayu-Jigoku,Solfatara field,32,1,38.818798,140.728836,595,2.84
Plant_A32_2,Arayu-Jigoku,Solfatara field,32,2,38.818798,140.728836,595,2.84
Plant_A33_1,Arayu-Jigoku,Solfatara field,33,1,38.818811,140.728802,595,2.75
Plant_A33_2,Arayu-Jigoku,Solfatara field,33,2,38.818798,140.728836,595,2.75
Plant_A34_1,Arayu-Jigoku,Solfatara field,34,1,38.818856,140.728865,592,3.2
Plant_A34_2,Arayu-Jigoku,Solfatara field,34,2,38.818856,140.728865,592,3.2
Plant_A34_3,Arayu-Jigoku,Solfatara field,34,3,38.818856,140.728865,592,3.2
Plant_A35_1,Arayu-Jigoku,Solfatara field,35,1,38.818136,140.726652,605,3.3
Plant_A36_1,Arayu-Jigoku,Solfatara field,36,1,38.818113,140.726681,605,3.39
Plant_A36_2,Arayu-Jigoku,Solfatara field,36,2,38.818113,140.726681,605,3.39
Plant_A36_3,Arayu-Jigoku,Solfatara field,36,3,38.818113,140.726681,605,3.39
Plant_A37_1,Arayu-Jigoku,Solfatara field,37,1,38.818034,140.726519,608,3.29
Plant_A37_2,Arayu-Jigoku,Solfatara field,37,2,38.818034,140.726519,608,3.29
Plant_B01_1,Arayu-Jigoku,Forest edge,1,1,38.8187435,140.726338,606,3.66
Plant_B01_2,Arayu-Jigoku,Forest edge,1,2,38.8187435,140.726338,606,3.66
Plant_B01_3,Arayu-Jigoku,Forest edge,1,3,38.8187435,140.726338,606,3.66
Plant_B02_1,Arayu-Jigoku,Forest edge,2,1,38.817448,140.726413,606,3.71
Plant_B02_2,Arayu-Jigoku,Forest edge,2,2,38.817448,140.726413,606,3.71
Plant_B02_3,Arayu-Jigoku,Forest edge,2,3,38.817448,140.726413,606,3.71
Plant_B03_1,Arayu-Jigoku,Forest edge,3,1,38.817491,140.726389,606,3.61
Plant_B03_2,Arayu-Jigoku,Forest edge,3,2,38.817491,140.726389,606,3.61
Plant_B04_1,Arayu-Jigoku,Forest edge,4,1,38.817528,140.72639,607,3.66
Plant_B04_2,Arayu-Jigoku,Forest edge,4,2,38.817528,140.72639,607,3.66
Plant_B04_4,Arayu-Jigoku,Forest edge,4,4,38.817528,140.72639,607,3.66
Plant_B04_5,Arayu-Jigoku,Forest edge,4,5,38.817528,140.72639,607,3.66
Plant_B05_1,Arayu-Jigoku,Forest edge,5,1,38.817564,140.726365,607,3.48
Plant_B05_2,Arayu-Jigoku,Forest edge,5,2,38.817564,140.726365,607,3.48
Plant_B05_3,Arayu-Jigoku,Forest edge,5,3,38.817564,140.726365,607,3.48
Plant_B06_1,Arayu-Jigoku,Forest edge,6,1,38.8176,140.726323,607,3.28
Plant_B06_2,Arayu-Jigoku,Forest edge,6,2,38.8176,140.726323,607,3.28
Plant_B06_3,Arayu-Jigoku,Forest edge,6,3,38.8176,140.726323,607,3.28
Plant_B06_4,Arayu-Jigoku,Forest edge,6,4,38.8176,140.726323,607,3.28
Plant_B07_1,Arayu-Jigoku,Forest edge,7,1,38.81757,140.72629,607,3.36
Plant_B07_2,Arayu-Jigoku,Forest edge,7,2,38.81757,140.72629,607,3.36
Plant_B08_1,Arayu-Jigoku,Forest edge,8,1,38.817696,140.726439,608,3.27
Plant_B08_2,Arayu-Jigoku,Forest edge,8,2,38.817696,140.726439,608,3.27
Plant_B08_3,Arayu-Jigoku,Forest edge,8,3,38.817696,140.726439,608,3.27
Plant_B09_1,Arayu-Jigoku,Forest edge,9,1,38.817725,140.726424,608,3.35
Plant_B09_2,Arayu-Jigoku,Forest edge,9,2,38.817725,140.726424,608,3.35
Plant_B09_3,Arayu-Jigoku,Forest edge,9,3,38.817725,140.726424,608,3.35
Plant_B09_4,Arayu-Jigoku,Forest edge,9,4,38.817725,140.726424,608,3.35
Plant_B10_1,Arayu-Jigoku,Forest edge,10,1,38.817794,140.726367,610,3.18
Plant_B10_2,Arayu-Jigoku,Forest edge,10,2,38.817794,140.726367,610,3.18
Plant_B10_3,Arayu-Jigoku,Forest edge,10,3,38.817794,140.726367,610,3.18
Plant_B11_1,Arayu-Jigoku,Forest edge,11,1,38.817803,140.726397,610,3
Plant_B11_2,Arayu-Jigoku,Forest edge,11,2,38.817803,140.726397,610,3
Plant_B11_3,Arayu-Jigoku,Forest edge,11,3,38.817803,140.726397,610,3
Plant_B12_1,Arayu-Jigoku,Forest edge,12,1,38.81787,140.72639,610,2.96
Plant_B12_2,Arayu-Jigoku,Forest edge,12,2,38.81787,140.72639,610,2.96
Plant_B12_3,Arayu-Jigoku,Forest edge,12,3,38.81787,140.72639,610,2.96
Plant_B13_1,Arayu-Jigoku,Forest edge,13,1,38.817897,140.72664,610,2.88
Plant_B13_2,Arayu-Jigoku,Forest edge,13,2,38.817897,140.72664,610,2.88
Plant_B13_3,Arayu-Jigoku,Forest edge,13,3,38.817897,140.72664,610,2.88
Plant_B14_1,Arayu-Jigoku,Forest edge,14,1,38.817915,140.726673,610,2.65
Plant_B14_2,Arayu-Jigoku,Forest edge,14,2,38.817915,140.726673,610,2.65
Plant_B14_3,Arayu-Jigoku,Forest edge,14,3,38.817915,140.726673,610,2.65
Plant_B14_4,Arayu-Jigoku,Forest edge,14,4,38.817915,140.726673,610,2.65
Plant_B14_5,Arayu-Jigoku,Forest edge,14,5,38.817915,140.726673,610,2.65
Plant_B15_1,Arayu-Jigoku,Forest edge,15,1,38.818026,140.726657,610,2.56
Plant_B15_2,Arayu-Jigoku,Forest edge,15,2,38.818026,140.726657,610,2.56
Plant_B15_3,Arayu-Jigoku,Forest edge,15,3,38.818026,140.726657,610,2.56
Plant_B15_4,Arayu-Jigoku,Forest edge,15,4,38.818026,140.726657,610,2.56
Plant_B16_1,Arayu-Jigoku,Forest edge,16,1,38.818083,140.726697,608,2.8
Plant_B16_2,Arayu-Jigoku,Forest edge,16,2,38.818083,140.726697,608,2.8
Plant_B16_3,Arayu-Jigoku,Forest edge,16,3,38.818083,140.726697,608,2.8
Plant_B17_1,Arayu-Jigoku,Forest edge,17,1,38.81812,140.726737,608,2.69
Plant_B17_2,Arayu-Jigoku,Forest edge,17,2,38.81812,140.726737,608,2.69
Plant_B17_3,Arayu-Jigoku,Forest edge,17,3,38.81812,140.726737,608,2.69
Plant_B18_1,Arayu-Jigoku,Forest edge,18,1,38.818179,140.726765,606,2.61
Plant_B18_2,Arayu-Jigoku,Forest edge,18,2,38.818179,140.726765,606,2.61
Plant_B18_3,Arayu-Jigoku,Forest edge,18,3,38.818179,140.726765,606,2.61
Plant_B18_4,Arayu-Jigoku,Forest edge,18,4,38.818179,140.726765,606,2.61
Plant_B18_5,Arayu-Jigoku,Forest edge,18,5,38.818179,140.726765,606,2.61
Plant_B19_1,Arayu-Jigoku,Forest edge,19,1,38.818169,140.726796,607,2.65
Plant_B19_2,Arayu-Jigoku,Forest edge,19,2,38.818169,140.726796,607,2.65
Plant_B19_3,Arayu-Jigoku,Forest edge,19,3,38.818169,140.726796,607,2.65
Plant_B19_4,Arayu-Jigoku,Forest edge,19,4,38.818169,140.726796,607,2.65
Plant_B19_5,Arayu-Jigoku,Forest edge,19,5,38.818169,140.726796,607,2.65
Plant_B20_1,Arayu-Jigoku,Forest edge,20,1,38.818224,140.726876,607,2.56
Plant_B20_2,Arayu-Jigoku,Forest edge,20,2,38.818224,140.726876,607,2.56
Plant_B20_3,Arayu-Jigoku,Forest edge,20,3,38.818224,140.726876,607,2.56
Plant_B20_4,Arayu-Jigoku,Forest edge,20,4,38.818224,140.726876,607,2.56
Plant_B21_1,Arayu-Jigoku,Forest edge,21,1,38.818221,140.727036,607,2.74
Plant_B21_2,Arayu-Jigoku,Forest edge,21,2,38.818221,140.727036,607,2.74
Plant_B21_3,Arayu-Jigoku,Forest edge,21,3,38.818221,140.727036,607,2.74
Plant_B21_4,Arayu-Jigoku,Forest edge,21,4,38.818221,140.727036,607,2.74
Plant_B21_5,Arayu-Jigoku,Forest edge,21,5,38.818221,140.727036,607,2.74
Plant_B22_1,Arayu-Jigoku,Forest edge,22,1,38.81827,140.727116,605,3.42
Plant_B22_2,Arayu-Jigoku,Forest edge,22,2,38.81827,140.727116,605,3.42
Plant_B22_3,Arayu-Jigoku,Forest edge,22,3,38.81827,140.727116,605,3.42
Plant_B22_4,Arayu-Jigoku,Forest edge,22,4,38.81827,140.727116,605,3.18
Plant_B23_1,Arayu-Jigoku,Forest edge,23,1,38.81828,140.727205,605,3.18
Plant_B23_2,Arayu-Jigoku,Forest edge,23,2,38.81828,140.727205,605,3.18
Plant_B23_3,Arayu-Jigoku,Forest edge,23,3,38.81828,140.727205,605,3.18
Plant_B23_4,Arayu-Jigoku,Forest edge,23,4,38.81828,140.727205,605,3.18
Plant_B23_5,Arayu-Jigoku,Forest edge,23,5,38.81828,140.727205,605,3
Plant_B24_1,Arayu-Jigoku,Forest edge,24,1,38.818316,140.727294,605,3
Plant_B24_2,Arayu-Jigoku,Forest edge,24,2,38.818316,140.727294,605,3
Plant_B24_3,Arayu-Jigoku,Forest edge,24,3,38.818316,140.727294,605,3
Plant_B24_4,Arayu-Jigoku,Forest edge,24,4,38.818316,140.727294,605,3
Plant_B25_1,Arayu-Jigoku,Forest edge,25,1,38.818295,140.727422,606,3.2
Plant_B25_2,Arayu-Jigoku,Forest edge,25,2,38.818295,140.727422,606,3.2
Plant_B25_3,Arayu-Jigoku,Forest edge,25,3,38.818295,140.727422,606,3.2
Plant_B25_4,Arayu-Jigoku,Forest edge,26,1,38.818294,140.72749,607,3.31
Plant_B26_1,Arayu-Jigoku,Forest edge,26,2,38.818294,140.72749,607,3.31
Plant_B26_2,Arayu-Jigoku,Forest edge,26,3,38.818294,140.72749,607,3.31
Plant_B27_1,Arayu-Jigoku,Forest edge,27,1,38.818352,140.727618,605,3.31
Plant_B27_2,Arayu-Jigoku,Forest edge,27,2,38.818352,140.727618,605,3.31
Plant_B27_3,Arayu-Jigoku,Forest edge,27,3,38.818352,140.727618,605,3.31
Plant_B27_4,Arayu-Jigoku,Forest edge,27,4,38.818352,140.727618,605,3.31
Plant_B27_5,Arayu-Jigoku,Forest edge,27,5,38.818352,140.727618,605,3.31
Plant_B28_1,Arayu-Jigoku,Forest edge,28,2,38.818361,140.727735,606,2.98
Plant_B28_2,Arayu-Jigoku,Forest edge,28,1,38.818361,140.727735,606,2.98
Plant_B28_3,Arayu-Jigoku,Forest edge,28,3,38.818361,140.727735,606,2.98
Plant_B28_4,Arayu-Jigoku,Forest edge,28,4,38.818361,140.727735,606,2.98
Plant_B28_5,Arayu-Jigoku,Forest edge,28,5,38.818361,140.727735,606,2.98
Plant_B29_1,Arayu-Jigoku,Forest edge,29,1,38.818376,140.72809,607,3.24
Plant_B29_2,Arayu-Jigoku,Forest edge,29,2,38.818376,140.72809,607,3.24
Plant_B29_3,Arayu-Jigoku,Forest edge,29,3,38.818376,140.72809,607,3.24
Plant_B30_1,Arayu-Jigoku,Forest edge,30,1,38.818434,140.72826,604,2.95
Plant_B30_2,Arayu-Jigoku,Forest edge,30,2,38.818434,140.72826,604,2.95
Plant_B30_3,Arayu-Jigoku,Forest edge,30,3,38.818434,140.72826,604,2.95
Plant_B30_4,Arayu-Jigoku,Forest edge,30,4,38.818434,140.72826,604,2.95
Plant_B31_1,Arayu-Jigoku,Forest edge,31,1,38.818438,140.728475,603,2.45
Plant_B31_2,Arayu-Jigoku,Forest edge,31,2,38.818438,140.728475,603,2.45
Plant_B32_1,Arayu-Jigoku,Forest edge,32,1,38.818483,140.728502,602,2.54
Plant_B32_2,Arayu-Jigoku,Forest edge,32,2,38.818483,140.728502,602,2.54
Plant_B32_3,Arayu-Jigoku,Forest edge,32,3,38.818483,140.728502,602,2.54
Plant_B32_4,Arayu-Jigoku,Forest edge,32,4,38.818483,140.728502,602,2.54
Plant_B33_1,Arayu-Jigoku,Forest edge,33,1,38.818536,140.728462,599,2.61
Plant_B33_2,Arayu-Jigoku,Forest edge,33,2,38.818536,140.728462,599,2.61
Plant_B33_3,Arayu-Jigoku,Forest edge,33,3,38.818536,140.728462,599,2.61
Plant_B34_1,Arayu-Jigoku,Forest edge,34,1,38.818639,140.728519,598,2.63
Plant_B34_2,Arayu-Jigoku,Forest edge,34,2,38.818639,140.728519,598,2.63
Plant_B34_3,Arayu-Jigoku,Forest edge,34,3,38.818639,140.728519,598,2.63
Plant_B35_1,Arayu-Jigoku,Forest edge,35,1,38.818835,140.728595,599,2.04
Plant_B35_2,Arayu-Jigoku,Forest edge,35,2,38.818835,140.728595,599,2.04
Plant_B35_3,Arayu-Jigoku,Forest edge,35,3,38.818835,140.728595,599,2.04
Plant_B35_4,Arayu-Jigoku,Forest edge,35,4,38.818835,140.728595,599,2.04
Plant_B36_1,Arayu-Jigoku,Forest edge,36,1,38.818808,140.728656,596,2.49
Plant_B36_2,Arayu-Jigoku,Forest edge,36,2,38.818808,140.728656,596,2.49
Plant_B36_3,Arayu-Jigoku,Forest edge,36,3,38.818808,140.728656,596,2.49
Plant_B37_1,Arayu-Jigoku,Forest edge,37,1,38.818828,140.728705,595,2.07
Plant_B37_2,Arayu-Jigoku,Forest edge,37,2,38.818828,140.728705,595,2.07
Plant_B37_3,Arayu-Jigoku,Forest edge,37,3,38.818828,140.728705,595,2.07
Plant_B37_4,Arayu-Jigoku,Forest edge,37,4,38.818828,140.728705,595,2.07
Plant_B38_1,Arayu-Jigoku,Forest edge,38,1,38.818799,140.728768,595,2.61
Plant_B38_2,Arayu-Jigoku,Forest edge,38,2,38.818799,140.728768,595,2.61
Plant_B38_3,Arayu-Jigoku,Forest edge,38,3,38.818799,140.728768,595,2.61
Plant_B38_4,Arayu-Jigoku,Forest edge,38,4,38.818799,140.728768,595,2.61
Plant_B38_5,Arayu-Jigoku,Forest edge,38,5,38.818799,140.728768,595,2.61
Plant_B39_1,Arayu-Jigoku,Forest edge,39,1,38.818895,140.728855,592,2.49
Plant_B39_2,Arayu-Jigoku,Forest edge,39,2,38.818895,140.728855,592,2.49
Plant_B39_3,Arayu-Jigoku,Forest edge,39,3,38.818895,140.728855,592,2.49
Plant_B39_4,Arayu-Jigoku,Forest edge,39,4,38.818895,140.728855,592,2.49
Plant_B39_5,Arayu-Jigoku,Forest edge,39,5,38.818895,140.728855,592,2.49
Plant_B39_6,Arayu-Jigoku,Forest edge,39,6,38.818895,140.728855,592,2.49
Plant_B40_1,Arayu-Jigoku,Forest edge,40,1,38.818815,140.72892,592,2.23
Plant_B40_2,Arayu-Jigoku,Forest edge,40,2,38.818815,140.72892,592,2.23
Plant_B40_3,Arayu-Jigoku,Forest edge,40,3,38.818815,140.72892,592,2.23
Plant_JA1_1,Ofukasawa,Solfatara field,1,1,38.811815,140.713531,528,3.16
Plant_JA1_2,Ofukasawa,Solfatara field,1,2,38.811815,140.713531,528,3.16
Plant_JA1_3,Ofukasawa,Solfatara field,1,3,38.811815,140.713531,528,3.16
Plant_JA2_1,Ofukasawa,Solfatara field,2,1,38.811778,140.713465,529,2.88
Plant_JA2_2,Ofukasawa,Solfatara field,2,2,38.811778,140.713465,529,2.88
Plant_JA3_1,Ofukasawa,Solfatara field,3,1,38.81176,140.713371,530,3.07
Plant_JA3_2,Ofukasawa,Solfatara field,3,2,38.81176,140.713371,530,3.07
Plant_JA3_3,Ofukasawa,Solfatara field,3,3,38.81176,140.713371,530,3.07
Plant_JA4_1,Ofukasawa,Solfatara field,4,1,38.811671,140.713383,529,2.86
Plant_JA4_2,Ofukasawa,Solfatara field,4,2,38.811671,140.713383,529,2.86
Plant_JA4_3,Ofukasawa,Solfatara field,4,3,38.811671,140.713383,529,2.86
Plant_JA4_4,Ofukasawa,Solfatara field,4,4,38.811671,140.713383,529,2.86
Plant_JA5_1,Ofukasawa,Solfatara field,5,1,38.811579,140.713344,528,3.49
Plant_JA5_2,Ofukasawa,Solfatara field,5,2,38.811579,140.713344,528,3.49
Plant_JA6_1,Ofukasawa,Solfatara field,6,1,38.811523,140.713291,528,2.91
Plant_JA6_2,Ofukasawa,Solfatara field,6,2,38.811523,140.713291,528,2.91
Plant_JA6_3,Ofukasawa,Solfatara field,6,3,38.811523,140.713291,528,2.91
Plant_JA7_1,Ofukasawa,Solfatara field,7,1,38.811427,140.713116,529,2.96
Plant_JA8_1,Ofukasawa,Solfatara field,8,1,38.811137,140.712504,528,3.52
Plant_JA8_2,Ofukasawa,Solfatara field,8,2,38.811137,140.712504,528,3.52
Plant_JA9_1,Ofukasawa,Solfatara field,9,1,38.81108,140.712355,527,2.79
Plant_JA9_2,Ofukasawa,Solfatara field,9,2,38.81108,140.712355,527,2.79
Plant_JA9_3,Ofukasawa,Solfatara field,9,3,38.81108,140.712355,527,2.79
Plant_JA10_1,Ofukasawa,Solfatara field,10,1,38.811145,140.712869,526,3.12
Plant_JA10_2,Ofukasawa,Solfatara field,10,2,38.811145,140.712869,526,3.12
Plant_JA11_1,Ofukasawa,Solfatara field,11,1,38.811121,140.712915,526,3.11
Plant_JA11_2,Ofukasawa,Solfatara field,11,2,38.811121,140.712915,526,3.11
Plant_JA12_1,Ofukasawa,Solfatara field,12,1,38.811169,140.712923,527,4.24
Plant_JA12_2,Ofukasawa,Solfatara field,12,2,38.811169,140.712923,527,4.24
Plant_JA12_3,Ofukasawa,Solfatara field,12,3,38.811169,140.712923,527,4.24
Plant_JA13_1,Ofukasawa,Solfatara field,13,1,38.811224,140.712953,528,3.22
Plant_JA13_2,Ofukasawa,Solfatara field,13,2,38.811224,140.712953,528,3.22
Plant_JA14_1,Ofukasawa,Solfatara field,14,1,38.811211,140.71296,527,3.72
Plant_JA14_2,Ofukasawa,Solfatara field,14,2,38.811211,140.71296,527,3.72
Plant_JA15_1,Ofukasawa,Solfatara field,15,1,38.811245,140.713017,527,3.46
Plant_JA15_2,Ofukasawa,Solfatara field,15,2,38.811245,140.713017,527,3.46
Plant_JB1_1,Ofukasawa,Forest edge,1,1,38.811858,140.713577,529,2.57
Plant_JB1_2,Ofukasawa,Forest edge,1,2,38.811858,140.713577,529,2.57
Plant_JB1_3,Ofukasawa,Forest edge,1,3,38.811858,140.713577,529,2.57
Plant_JB2_1,Ofukasawa,Forest edge,2,1,38.811584,140.713271,529,2.87
Plant_JB2_2,Ofukasawa,Forest edge,2,2,38.811584,140.713271,529,2.87
Plant_JB3_1,Ofukasawa,Forest edge,3,1,38.811455,140.71317,528,2.9
Plant_JB3_2,Ofukasawa,Forest edge,3,2,38.811455,140.71317,528,2.9
Plant_JB4_1,Ofukasawa,Forest edge,4,1,38.81143,140.713184,528,2.64
Plant_JB5_1,Ofukasawa,Forest edge,5,1,38.811453,140.713088,529,2.96
Plant_JB6_1,Ofukasawa,Forest edge,6,1,38.81137,140.713013,529,2.65
Plant_JB6_2,Ofukasawa,Forest edge,6,2,38.81137,140.713013,529,2.65
Plant_JB7_1,Ofukasawa,Forest edge,7,1,38.811468,140.713025,530,2.75
Plant_JB7_2,Ofukasawa,Forest edge,7,2,38.811468,140.713025,530,2.75
Plant_JB7_3,Ofukasawa,Forest edge,7,3,38.811468,140.713025,530,2.75
Plant_JB8_1,Ofukasawa,Forest edge,8,1,38.811425,140.712983,530,2.85
Plant_JB8_2,Ofukasawa,Forest edge,8,2,38.811425,140.712983,530,2.85
Plant_JB9_1,Ofukasawa,Forest edge,9,1,38.811446,140.712898,534,2.64
Plant_JB9_2,Ofukasawa,Forest edge,9,2,38.811446,140.712898,534,2.64
Plant_JB9_3,Ofukasawa,Forest edge,9,3,38.811446,140.712898,534,2.64
Plant_JB9_4,Ofukasawa,Forest edge,9,4,38.811446,140.712898,534,2.64
Plant_JB10_1,Ofukasawa,Forest edge,10,1,38.811367,140.71282,531,2.88
Plant_JB10_2,Ofukasawa,Forest edge,10,2,38.811367,140.71282,531,2.88
Plant_JB10_3,Ofukasawa,Forest edge,10,3,38.811367,140.71282,531,2.88
Plant_JB10_4,Ofukasawa,Forest edge,10,4,38.811367,140.71282,531,2.88
Plant_JB11_1,Ofukasawa,Forest edge,11,1,38.811329,140.712776,532,2.65
Plant_JB11_2,Ofukasawa,Forest edge,11,2,38.811329,140.712776,532,2.65
Plant_JB11_3,Ofukasawa,Forest edge,11,3,38.811329,140.712776,532,2.65
Plant_JB11_4,Ofukasawa,Forest edge,11,4,38.811329,140.712776,532,2.65
Plant_JB12_1,Ofukasawa,Forest edge,12,1,38.811347,140.712703,534,2.7
Plant_JB12_2,Ofukasawa,Forest edge,12,2,38.811347,140.712703,534,2.7
Plant_JB12_3,Ofukasawa,Forest edge,12,3,38.811347,140.712703,534,2.7
Plant_JB12_4,Ofukasawa,Forest edge,12,4,38.811347,140.712703,534,2.7
Plant_JB12_5,Ofukasawa,Forest edge,12,5,38.811347,140.712703,534,2.7
Plant_JB12_6,Ofukasawa,Forest edge,12,6,38.811347,140.712703,534,2.7
Plant_JB13_1,Ofukasawa,Forest edge,13,1,38.811336,140.712703,534,2.72
Plant_JB13_2,Ofukasawa,Forest edge,13,2,38.811336,140.712703,534,2.72
Plant_JB13_3,Ofukasawa,Forest edge,13,3,38.811336,140.712703,534,2.72
Plant_JB13_4,Ofukasawa,Forest edge,13,4,38.811336,140.712703,534,2.72
Plant_JB14_1,Ofukasawa,Forest edge,14,1,38.811359,140.71267,539,2.91
Plant_JB14_2,Ofukasawa,Forest edge,14,2,38.811359,140.71267,539,2.91
Plant_JB14_3,Ofukasawa,Forest edge,14,3,38.811359,140.71267,539,2.91
Plant_JB15_1,Ofukasawa,Forest edge,15,1,38.811345,140.712607,537,2.84
Plant_JB15_2,Ofukasawa,Forest edge,15,2,38.811345,140.712607,537,2.84
Plant_JB15_3,Ofukasawa,Forest edge,15,3,38.811345,140.712607,537,2.84
Plant_JB15_4,Ofukasawa,Forest edge,15,4,38.811345,140.712607,537,2.84
Plant_JB15_5,Ofukasawa,Forest edge,15,5,38.811345,140.712607,537,2.84