"Sample_ID","site","habitat","position","latitude","longitude","elevation","pH"
"A1","Arayu-Jigoku","Solfatara field",1,38.818046,140.726562,607,3.48
"A2","Arayu-Jigoku","Solfatara field",2,38.818101,140.726547,607,3.66
"A3","Arayu-Jigoku","Solfatara field",3,38.818301,140.726886,607,3.78
"A4","Arayu-Jigoku","Solfatara field",4,38.818288,140.726962,607,3.66
"A5","Arayu-Jigoku","Solfatara field",5,38.818242,140.726982,607,3.76
"A6","Arayu-Jigoku","Solfatara field",6,38.81828,140.727018,607,3.9
"A7","Arayu-Jigoku","Solfatara field",7,38.818289,140.727058,607,3.75
"A8","Arayu-Jigoku","Solfatara field",8,38.818305,140.727058,608,3.76
"A9","Arayu-Jigoku","Solfatara field",9,38.818349,140.727259,605,3.77
"A10","Arayu-Jigoku","Solfatara field",10,38.818384,140.727427,605,4.08
"A11","Arayu-Jigoku","Solfatara field",11,38.818342,140.727532,605,3.96
"A12","Arayu-Jigoku","Solfatara field",12,38.818415,140.727614,606,3.99
"A13","Arayu-Jigoku","Solfatara field",13,38.818402,140.727616,606,3.52
"A14","Arayu-Jigoku","Solfatara field",14,38.818371,140.727672,606,3.59
"A15","Arayu-Jigoku","Solfatara field",15,38.818402,140.727835,604,3.28
"A16","Arayu-Jigoku","Solfatara field",16,38.818408,140.728144,604,3.12
"A17","Arayu-Jigoku","Solfatara field",17,38.81858,140.728243,602,3.31
"A18","Arayu-Jigoku","Solfatara field",18,38.818504,140.72827,603,3.51
"A19","Arayu-Jigoku","Solfatara field",19,38.838497,140.728337,603,3.42
"A20","Arayu-Jigoku","Solfatara field",20,38.81849,140.728386,602,3.12
"A21","Arayu-Jigoku","Solfatara field",21,38.818533,140.728424,602,3.11
"A22","Arayu-Jigoku","Solfatara field",22,38.818567,140.728443,599,3.21
"A23","Arayu-Jigoku","Solfatara field",23,38.81869,140.728524,598,3.03
"A24","Arayu-Jigoku","Solfatara field",24,38.818658,140.728505,599,2.97
"A25","Arayu-Jigoku","Solfatara field",25,38.818761,140.728444,599,2.9
"A26","Arayu-Jigoku","Solfatara field",26,38.818758,140.728511,599,3.24
"A27","Arayu-Jigoku","Solfatara field",27,38.818709,140.728555,598,2.79
"A28","Arayu-Jigoku","Solfatara field",28,38.818769,140.728646,596,2.43
"A29","Arayu-Jigoku","Solfatara field",29,38.818733,140.728679,596,3.12
"A30","Arayu-Jigoku","Solfatara field",30,38.818769,140.728697,595,3.18
"A31","Arayu-Jigoku","Solfatara field",31,38.818798,140.7287,595,2.93
"A32","Arayu-Jigoku","Solfatara field",32,38.818798,140.728836,595,2.84
"A33","Arayu-Jigoku","Solfatara field",33,38.818811,140.728802,595,2.75
"A34","Arayu-Jigoku","Solfatara field",34,38.818856,140.728865,592,3.2
"A35","Arayu-Jigoku","Solfatara field",35,38.818136,140.726652,605,3.3
"A36","Arayu-Jigoku","Solfatara field",36,38.818113,140.726681,605,3.39
"A37","Arayu-Jigoku","Solfatara field",37,38.818034,140.726519,608,3.29
"B1","Arayu-Jigoku","Forest edge",1,38.8187435,140.726338,606,3.66
"B2","Arayu-Jigoku","Forest edge",2,38.817448,140.726413,606,3.71
"B3","Arayu-Jigoku","Forest edge",3,38.817491,140.726389,606,3.61
"B4","Arayu-Jigoku","Forest edge",4,38.817528,140.72639,607,3.66
"B5","Arayu-Jigoku","Forest edge",5,38.817564,140.726365,607,3.48
"B6","Arayu-Jigoku","Forest edge",6,38.8176,140.726323,607,3.28
"B7","Arayu-Jigoku","Forest edge",7,38.81757,140.72629,607,3.36
"B8","Arayu-Jigoku","Forest edge",8,38.817696,140.726439,608,3.27
"B9","Arayu-Jigoku","Forest edge",9,38.817725,140.726424,608,3.35
"B10","Arayu-Jigoku","Forest edge",10,38.817794,140.726367,610,3.18
"B11","Arayu-Jigoku","Forest edge",11,38.817803,140.726397,610,3
"B12","Arayu-Jigoku","Forest edge",12,38.81787,140.72639,610,2.96
"B13","Arayu-Jigoku","Forest edge",13,38.817897,140.72664,610,2.88
"B14","Arayu-Jigoku","Forest edge",14,38.817915,140.726673,610,2.65
"B15","Arayu-Jigoku","Forest edge",15,38.818026,140.726657,610,2.56
"B16","Arayu-Jigoku","Forest edge",16,38.818083,140.726697,608,2.8
"B17","Arayu-Jigoku","Forest edge",17,38.81812,140.726737,608,2.69
"B18","Arayu-Jigoku","Forest edge",18,38.818179,140.726765,606,2.61
"B19","Arayu-Jigoku","Forest edge",19,38.818169,140.726796,607,2.65
"B20","Arayu-Jigoku","Forest edge",20,38.818224,140.726876,607,2.56
"B21","Arayu-Jigoku","Forest edge",21,38.818221,140.727036,607,2.74
"B22","Arayu-Jigoku","Forest edge",22,38.81827,140.727116,605,3.42
"B23","Arayu-Jigoku","Forest edge",23,38.81828,140.727205,605,3.18
"B24","Arayu-Jigoku","Forest edge",24,38.818316,140.727294,605,3
"B25","Arayu-Jigoku","Forest edge",25,38.818295,140.727422,606,3.2
"B26","Arayu-Jigoku","Forest edge",26,38.818294,140.72749,607,3.31
"B27","Arayu-Jigoku","Forest edge",27,38.818352,140.727618,605,3.31
"B28","Arayu-Jigoku","Forest edge",28,38.818361,140.727735,606,2.98
"B29","Arayu-Jigoku","Forest edge",29,38.818376,140.72809,607,3.24
"B30","Arayu-Jigoku","Forest edge",30,38.818434,140.72826,604,2.95
"B31","Arayu-Jigoku","Forest edge",31,38.818438,140.728475,603,2.45
"B32","Arayu-Jigoku","Forest edge",32,38.818483,140.728502,602,2.54
"B33","Arayu-Jigoku","Forest edge",33,38.818536,140.728462,599,2.61
"B34","Arayu-Jigoku","Forest edge",34,38.818639,140.728519,598,2.63
"B35","Arayu-Jigoku","Forest edge",35,38.818835,140.728595,599,2.04
"B36","Arayu-Jigoku","Forest edge",36,38.818808,140.728656,596,2.49
"B37","Arayu-Jigoku","Forest edge",37,38.818828,140.728705,595,2.07
"B38","Arayu-Jigoku","Forest edge",38,38.818799,140.728768,595,2.61
"B39","Arayu-Jigoku","Forest edge",39,38.818895,140.728855,592,2.49
"B40","Arayu-Jigoku","Forest edge",40,38.818815,140.72892,592,2.23
"JA1","Ofukasawa","Solfatara field",1,38.811815,140.713531,528,3.16
"JA10","Ofukasawa","Solfatara field",10,38.811145,140.712869,526,3.12
"JA11","Ofukasawa","Solfatara field",11,38.811121,140.712915,526,3.11
"JA12","Ofukasawa","Solfatara field",12,38.811169,140.712923,527,4.24
"JA13","Ofukasawa","Solfatara field",13,38.811224,140.712953,528,3.22
"JA14","Ofukasawa","Solfatara field",14,38.811211,140.71296,527,3.72
"JA15","Ofukasawa","Solfatara field",15,38.811245,140.713017,527,3.46
"JA2","Ofukasawa","Solfatara field",2,38.811778,140.713465,529,2.88
"JA3","Ofukasawa","Solfatara field",3,38.81176,140.713371,530,3.07
"JA4","Ofukasawa","Solfatara field",4,38.811671,140.713383,529,2.86
"JA5","Ofukasawa","Solfatara field",5,38.811579,140.713344,528,3.49
"JA6","Ofukasawa","Solfatara field",6,38.811523,140.713291,528,2.91
"JA7","Ofukasawa","Solfatara field",7,38.811427,140.713116,529,2.96
"JA8","Ofukasawa","Solfatara field",8,38.811137,140.712504,528,3.52
"JA9","Ofukasawa","Solfatara field",9,38.81108,140.712355,527,2.79
"JB1","Ofukasawa","Forest edge",1,38.811858,140.713577,529,2.57
"JB10","Ofukasawa","Forest edge",10,38.811367,140.71282,531,2.88
"JB11","Ofukasawa","Forest edge",11,38.811329,140.712776,532,2.65
"JB12","Ofukasawa","Forest edge",12,38.811347,140.712703,534,2.7
"JB13","Ofukasawa","Forest edge",13,38.811336,140.712703,534,2.72
"JB14","Ofukasawa","Forest edge",14,38.811359,140.71267,539,2.91
"JB15","Ofukasawa","Forest edge",15,38.811345,140.712607,537,2.84
"JB2","Ofukasawa","Forest edge",2,38.811584,140.713271,529,2.87
"JB3","Ofukasawa","Forest edge",3,38.811455,140.71317,528,2.9
"JB4","Ofukasawa","Forest edge",4,38.81143,140.713184,528,2.64
"JB5","Ofukasawa","Forest edge",5,38.811453,140.713088,529,2.96
"JB6","Ofukasawa","Forest edge",6,38.81137,140.713013,529,2.65
"JB7","Ofukasawa","Forest edge",7,38.811468,140.713025,530,2.75
"JB8","Ofukasawa","Forest edge",8,38.811425,140.712983,530,2.85
"JB9","Ofukasawa","Forest edge",9,38.811446,140.712898,534,2.64
